<?xml version="1.0" encoding="UTF-8"?>
<!--This file contains all the Entity and Attribute Information--><gfc:FC_FeatureCatalogue xmlns:gmx="http://www.isotc211.org/2005/gmx"
                         xmlns:gco="http://www.isotc211.org/2005/gco"
                         xmlns:gmd="http://www.isotc211.org/2005/gmd"
                         xmlns:xlink="http://www.w3.org/1999/xlink"
                         xmlns:gml="http://www.opengis.net/gml/3.2"
                         xmlns:gfc="http://www.isotc211.org/2005/gfc">
   <gmx:name>
      <gco:CharacterString>Feature Catalog for the 2015 5-Digit ZIP Code Tabulation Area  1:500,000</gco:CharacterString>
   </gmx:name>
   <gmx:scope>
      <gco:CharacterString>The 5-Digit ZIP Code Tabulation Area at a scale of 1:500,000</gco:CharacterString>
   </gmx:scope>
   <gmx:versionNumber>
      <gco:CharacterString>cb_2015_zcta510_500k</gco:CharacterString>
   </gmx:versionNumber>
   <gmx:versionDate>
      <gco:Date>2016-03</gco:Date>
   </gmx:versionDate>
   <gmx:language>
      <gco:CharacterString>eng</gco:CharacterString>
   </gmx:language>
   <gmx:characterSet>
      <gmd:MD_CharacterSetCode codeList="http://www.isotc211.org/2005/resources/Codelist/gmxCodelists.xml#MD_CharacterSetCode"
                               codeListValue="utf8"
                               codeSpace="004">utf8
            </gmd:MD_CharacterSetCode>
   </gmx:characterSet>
   <gfc:producer xlink:href="https://www.ngdc.noaa.gov/docucomp/c5ceb003-1ed6-4126-8a16-bc08ce8fc267"
                 xlink:title="U.S. Department of Commerce, U.S. Census Bureau, Geography Division, Geographic Products Branch"/>
   <gfc:featureType>
      <gfc:FC_FeatureType>
         <gfc:typeName>
            <gco:LocalName>cb_2015_us_zcta510_500k.shp</gco:LocalName>
         </gfc:typeName>
         <gfc:definition>
            <gco:CharacterString>2010 5-Digit ZIP Code Tabulation Area (ZCTA5) National entities</gco:CharacterString>
         </gfc:definition>
         <gfc:isAbstract>
            <gco:Boolean>false</gco:Boolean>
         </gfc:isAbstract>
         <gfc:featureCatalogue uuidref="2015_zcta510_500k.ea.iso.xml"/>
         <gfc:carrierOfCharacteristics>
            <gfc:FC_FeatureAttribute>
               <gfc:memberName>
                  <gco:LocalName>ZCTA5CE10</gco:LocalName>
               </gfc:memberName>
               <gfc:definition>
                  <gco:CharacterString>2010 Census 5-digit ZIP Code Tabulation Area code</gco:CharacterString>
               </gfc:definition>
               <gfc:cardinality gco:nilReason="unknown"/>
               <gfc:definitionReference xlink:title="U.S. Census Bureau"
                                        xlink:href="http://www.ngdc.noaa.gov/docucomp/eb139e38-ee29-4d59-b157-5e874d4420c4"/>
               <gfc:listedValue>
                  <gfc:FC_ListedValue>
                     <gfc:label gco:nilReason="inapplicable"/>
                     <gfc:definition>
                        <gco:CharacterString> Range Domain Minimum: 00401
                                              Range Domain Maximum: 99950</gco:CharacterString>
                     </gfc:definition>
                  </gfc:FC_ListedValue>
               </gfc:listedValue>
            </gfc:FC_FeatureAttribute>
         </gfc:carrierOfCharacteristics>
         <gfc:carrierOfCharacteristics>
            <gfc:FC_FeatureAttribute>
               <gfc:memberName>
                  <gco:LocalName>AFFGEOID10</gco:LocalName>
               </gfc:memberName>
               <gfc:definition>
                  <gco:CharacterString>American FactFinder summary level code + geovariant code + '00US' + GEOID</gco:CharacterString>
               </gfc:definition>
               <gfc:cardinality gco:nilReason="unknown"/>
               <gfc:definitionReference xlink:title="U.S. Census Bureau"
                                        xlink:href="http://www.ngdc.noaa.gov/docucomp/eb139e38-ee29-4d59-b157-5e874d4420c4"/>
               <gfc:listedValue>
                  <gfc:FC_ListedValue>
                     <gfc:label>
                        <gco:CharacterString>American FactFinder geographic identifier</gco:CharacterString>
                     </gfc:label>
                     <gfc:definitionReference xlink:title="U.S. Census Bureau"
                                              xlink:href="http://www.ngdc.noaa.gov/docucomp/eb139e38-ee29-4d59-b157-5e874d4420c4"/>
                  </gfc:FC_ListedValue>
               </gfc:listedValue>
            </gfc:FC_FeatureAttribute>
         </gfc:carrierOfCharacteristics>
         <gfc:carrierOfCharacteristics>
            <gfc:FC_FeatureAttribute>
               <gfc:memberName>
                  <gco:LocalName>GEOID10</gco:LocalName>
               </gfc:memberName>
               <gfc:definition>
                  <gco:CharacterString>2010 Census 5-digit ZIP Code Tabulation Area identifier, 2010 Census 5-digit ZIP Code Tabulation Area code</gco:CharacterString>
               </gfc:definition>
               <gfc:cardinality gco:nilReason="unknown"/>
               <gfc:definitionReference xlink:title="U.S. Census Bureau"
                                        xlink:href="http://www.ngdc.noaa.gov/docucomp/eb139e38-ee29-4d59-b157-5e874d4420c4"/>
               <gfc:listedValue>
                  <gfc:FC_ListedValue>
                     <gfc:label gco:nilReason="inapplicable"/>
                     <gfc:definition>
                        <gco:CharacterString>2010 Census 5-digit ZIP Code Tabulation Area code found in ZCTA5CE10</gco:CharacterString>
                     </gfc:definition>
                  </gfc:FC_ListedValue>
               </gfc:listedValue>
            </gfc:FC_FeatureAttribute>
         </gfc:carrierOfCharacteristics>
         <gfc:carrierOfCharacteristics>
            <gfc:FC_FeatureAttribute>
               <gfc:memberName>
                  <gco:LocalName>ALAND10</gco:LocalName>
               </gfc:memberName>
               <gfc:definition>
                  <gco:CharacterString>2010 Census land area (square meters)</gco:CharacterString>
               </gfc:definition>
               <gfc:cardinality gco:nilReason="unknown"/>
               <gfc:definitionReference xlink:title="U.S. Census Bureau"
                                        xlink:href="http://www.ngdc.noaa.gov/docucomp/eb139e38-ee29-4d59-b157-5e874d4420c4"/>
               <gfc:valueMeasurementUnit>
                  <gml:DerivedUnit gml:id="areaInMetersSquaredforALAND10">
                     <gml:identifier codeSpace="area"/>
                     <gml:derivationUnitTerm uom="m" exponent="2"/>
                  </gml:DerivedUnit>
               </gfc:valueMeasurementUnit>
               <gfc:listedValue>
                  <gfc:FC_ListedValue>
                     <gfc:label gco:nilReason="inapplicable"/>
                     <gfc:definition>
                        <gco:CharacterString> Range Domain Minimum: 0
                                              Range Domain Maximum: 9,999,999,999,999</gco:CharacterString>
                     </gfc:definition>
                  </gfc:FC_ListedValue>
               </gfc:listedValue>
            </gfc:FC_FeatureAttribute>
         </gfc:carrierOfCharacteristics>
         <gfc:carrierOfCharacteristics>
            <gfc:FC_FeatureAttribute>
               <gfc:memberName>
                  <gco:LocalName>AWATER10</gco:LocalName>
               </gfc:memberName>
               <gfc:definition>
                  <gco:CharacterString>2010 Census water area (square meters)</gco:CharacterString>
               </gfc:definition>
               <gfc:cardinality gco:nilReason="unknown"/>
               <gfc:definitionReference xlink:title="U.S. Census Bureau"
                                        xlink:href="http://www.ngdc.noaa.gov/docucomp/eb139e38-ee29-4d59-b157-5e874d4420c4"/>
               <gfc:valueMeasurementUnit>
                  <gml:DerivedUnit gml:id="areaInMetersSquaredforAWATER10">
                     <gml:identifier codeSpace="area"/>
                     <gml:derivationUnitTerm uom="m" exponent="2"/>
                  </gml:DerivedUnit>
               </gfc:valueMeasurementUnit>
               <gfc:listedValue>
                  <gfc:FC_ListedValue>
                     <gfc:label gco:nilReason="inapplicable"/>
                     <gfc:definition>
                        <gco:CharacterString> Range Domain Minimum: 0
                                              Range Domain Maximum: 9,999,999,999,999</gco:CharacterString>
                     </gfc:definition>
                  </gfc:FC_ListedValue>
               </gfc:listedValue>
            </gfc:FC_FeatureAttribute>
         </gfc:carrierOfCharacteristics>
      </gfc:FC_FeatureType>
   </gfc:featureType>
</gfc:FC_FeatureCatalogue>